pos1	Azores	CapeVerde	ContRes	medlong	island
10000	2.14985052645406	0.641606372223099	1.52629028987691	0.18475951470454	out
20000	0.0201258601178204	0.195802948207428	0.028301850765524	0.0305508438870606	out
30000	0.0137531495397896	0.0280500104742447	0.0283018507655244	0.0170406757723041	out
40000	0.00376538027005574	0.028048368686912	0.0283018507655233	0.0132772555756906	out
50000	0.00323752819926144	0.0280483686869119	0.0303758627312935	0.0132772555756907	out
60000	0.00323743631955586	0.0276132842734872	0.0356731978281476	0.0132772555756904	out
70000	0.00323741005639755	0.026087064230651	0.0356731978281479	0.0132772555756904	out
80000	0.00323741005639894	0.0204763563935553	0.0356731978281472	0.0132772555756906	out
90000	0.00323741005639755	0.0194179713540368	0.0356731978281476	0.0132772555756906	out
100000	0.00323741005639824	0.019417971354037	0.0356731978281486	0.0132772555756906	out
110000	0.00323741005639755	0.019417971354037	0.0316782362716296	0.0132772555756906	out
120000	0.00329874986900736	0.0194179713540368	0.0315419035608076	0.0132772555756901	out
130000	0.0206964970523138	0.0276242037922854	0.0391500857192299	0.0389448687036379	out
140000	0.0322753563165395	0.0484109501394932	0.153731698208407	0.0734744653601533	out
150000	0.0665312229234809	0.0801894492781582	0.305290864692953	0.127353322010936	out
160000	0.0826632091019457	0.275520554913367	0.313940671760912	0.214679351390462	out
170000	0.234690927294637	0.445633732529165	0.642289988798357	0.467855583943848	out
180000	0.179227809202499	0.319416837589907	0.560342510037241	0.259370311929879	out
190000	0.179227809202499	0.213711698024057	0.253289273686284	0.126899313257023	out
200000	0.220463980748525	0.274220070638418	0.595301447481443	0.541942127094575	out
210000	0.56115204705954	0.571166803209966	0.974570569812547	1.42426271236701	out
220000	0.595246478900711	1.97888671638869	1.43944794093395	2.07352293242906	out
230000	0.516826851338373	1.92540589458908	2.07376263509755	1.66865521869859	out
240000	1.29897548316364	3.31848352447109	2.63715408523038	3.10572518374186	out
250000	1.60725424411522	1.97489982856333	2.21665914114029	4.13845696311663	out
260000	1.45798330647323	3.63553404061707	3.82596506585186	5.58657329564788	out
270000	2.89071968440823	4.4248529772164	2.89020697077055	8.5074104583178	out
280000	6.88340847596092	4.64707194819153	6.76671817578912	10.2312287107078	out
290000	4.33736095704337	3.25527202935257	7.0069570368704	12.1554776688648	out
300000	3.3213183974201	2.52756034449594	6.27900053574686	13.1686279222085	out
310000	3.88371206963829	6.85205170475322	5.96160166709234	9.20335870718085	out
320000	3.44379900945892	4.4560652655408	5.37488328405471	14.1122682055601	out
330000	13.1032912827976	5.18260575949718	7.07370308215444	15.4656767459996	out
340000	5.95412158611192	3.7013736826665	12.9159945970568	17.5452442609132	out
350000	2.70354393003739	6.72838468701856	7.20835802071051	15.3564752896778	out
360000	2.973600421607	8.39729400512392	8.93381452961127	14.3417340479451	out
370000	1.55279488469884	3.97183639904436	4.89360397282018	9.18173019232689	out
380000	1.02906013721002	4.87993495291491	5.13707726763022	8.97647510134374	out
390000	2.46553553389803	3.04245471288067	7.27818732550318	8.6502306986405	out
400000	2.42122932184561	3.85078565262664	6.1265779670588	9.48391995885347	out
410000	3.23854729185872	5.04448423938507	8.1361554100535	10.2496283306944	out
420000	2.03772633193808	3.81600728543773	4.82420747974623	9.82452022754634	out
430000	1.69050707622361	4.81149316944656	7.46758761226347	9.19530198688334	out
440000	1.01333263748287	3.0718301437982	6.14538628936256	10.8905465829928	out
450000	1.25025673313727	2.78481393461749	5.38276178969754	10.7731682478217	out
460000	0.780599656904257	3.13199836985449	5.7368571666969	8.87513559085682	out
470000	2.09239566149936	2.57695258361972	4.87677710365466	6.69488599269958	out
480000	1.77111734140812	2.14366721083687	4.73515450991171	8.44387301615992	out
490000	3.17778796587381	2.35874751981575	7.46828328330071	9.30751042614419	out
500000	1.94067900243486	0.956495320774198	6.45469547047954	12.4319738430346	out
510000	2.46276832525116	1.12714747009388	14.3798041022001	19.3216802745282	out
520000	2.87916827447494	2.07347554608077	9.66839459656403	18.6471193181828	out
530000	4.89749096978275	3.0276955552156	9.39553267860296	16.8836497194939	out
540000	1.3479449779389	2.30593391160863	12.4351403027998	16.7565047000584	out
550000	4.09438163695172	3.86741535546342	17.8665214253978	19.7082199423897	out
560000	8.32520979788176	4.25211450958722	27.7076069899702	21.09893660503	out
570000	3.57324998603641	4.25211450958711	28.375693393628	22.4208646653718	out
580000	3.36668931831146	4.25211450958713	25.1977974130474	20.767818330459	out
590000	3.29413479317926	4.25211450958698	18.9870020098954	17.6719571631913	out
600000	5.68841601709882	4.25211450958685	22.0983413912172	21.8951638267564	out
610000	12.8255532136877	4.25211450958698	22.808911384789	21.7031182107882	out
620000	13.3106175755656	4.25211450958678	26.7951475409556	21.0056014542491	out
630000	6.71960707376542	4.25211450958685	24.1762474843354	21.7727580733722	out
640000	10.6452935891695	4.25211450958698	22.537751409534	28.3783948652474	out
650000	6.5307108495726	4.25211450958682	26.0806622971334	34.4883896819312	out
660000	4.55855671649636	4.25211450958709	24.0197604953827	34.7348670661862	out
670000	3.24059955200628	4.25211450958698	22.870652791429	34.2228482731731	out
680000	2.71823173698817	4.25211450958687	23.2702829272135	19.9017428003145	out
690000	2.3034236742093	7.55627152162248	26.5683910646663	28.5563684338682	out
700000	3.12798782984518	8.23879044109677	25.9852767930534	37.7166397034508	out
710000	3.95795427566079	8.23879044109694	29.0600567353349	37.8064626778565	out
720000	11.2634527886643	8.2387904410969	28.3822238729822	35.2349941890599	out
730000	12.6243022060897	8.23879044109672	34.0952327122831	45.2173290414457	out
740000	6.83464044151609	8.23879044109734	32.198124528425	44.6971636099667	out
750000	6.08290836965661	8.23879044109654	32.2480336274949	44.3304314600654	out
760000	6.43973512500153	8.2387904410969	29.8063863342705	42.9523404294095	out
770000	3.61209343889777	8.23879044109765	32.7963271444949	42.6341974800625	out
780000	1.25934148731397	8.23879044109637	35.2198696586413	42.6341974800616	out
790000	0.807420388583902	8.23879044109685	29.8647985677004	42.6341974800611	out
800000	1.88956719371594	8.23879044109668	29.9879598490605	42.6341974800618	out
810000	2.17439683907861	8.23879044109637	24.0909599829028	42.6341974800605	out
820000	7.92718995518684	12.6613830966126	28.0873402347547	42.634197480063	out
830000	8.97669083506987	11.1396489001153	24.3899578963099	42.6341974800618	out
840000	5.65858849597713	11.7880982284812	25.4295121129905	42.63419748006	out
850000	11.082123393024	9.73252192948522	27.1661941962011	42.6341974800613	out
860000	19.046708590194	10.4092797635881	29.2883272124321	42.6341974800605	out
870000	13.2891528678895	9.28422219340455	28.998314932787	42.6341974800614	out
880000	7.10789164038572	7.22592606238996	27.9746238437559	37.2691710139652	out
890000	6.11468125297998	8.95390442516693	29.7434485664747	30.6667059206244	out
900000	10.62250434828	9.01982551582026	26.272334729039	30.6667059206259	out
910000	5.22962382677847	11.4091912875084	24.2613918854941	30.6667059206248	out
920000	6.03460081247142	12.4116573869096	23.7759150308685	30.666705920628	out
930000	5.19971168043809	11.3864985963151	24.1161778841199	30.6667059206262	out
940000	3.00837809203758	15.2735196445728	26.6168385305237	30.6667059206259	out
950000	1.62273576787131	30.3634800751641	23.5025199114814	30.6667059206276	out
960000	1.90393675189613	29.0530796165112	18.597445703209	30.6667059206237	out
970000	3.31696772339281	15.606997546656	24.2581424597153	30.6667059206248	out
980000	6.31047010376733	19.0519419672336	21.963385896362	30.6667059206273	out
990000	7.59092133722068	18.5652315916839	18.3647018879583	32.2638285633445	out
1000000	7.28359487463748	23.6558327622717	24.8506642005673	36.8000494026507	out
1010000	16.2387061197875	37.4212633198286	30.5689729648785	36.8000494026514	out
1020000	18.2684857589218	40.294155729722	32.1270703353267	36.8000494026525	out
1030000	8.10236663329071	31.3388618507078	31.3114217251222	36.8000494026465	out
1040000	4.22557593675661	29.1395397627332	22.6965300844858	36.8000494026521	out
1050000	5.82787904748789	36.5040845542539	37.0550934147738	36.8000494026504	out
1060000	4.92608555125988	34.1508664397491	39.6393297547178	36.8000494026489	out
1070000	5.37561083897655	15.9287556773394	25.6886470774219	36.8000494026518	out
1080000	5.44284267111932	18.6987687951294	26.5060959603233	36.8000494026514	out
1090000	10.7627626528479	18.2327825987528	34.8950905801463	36.8000494026521	out
1100000	10.5204629747219	19.2956873999638	55.6595628114984	36.8000494026504	out
1110000	10.1521154315501	19.4564006889818	59.5366832192134	36.8000494026536	out
1120000	9.20569434228531	17.7637613487722	31.2643780346399	37.6620794744714	out
1130000	10.2958635695388	9.73732590029286	28.6836663742893	45.9999434455693	out
1140000	8.21702643163817	10.6162350241823	23.9776104043777	45.9999434455725	out
1150000	9.20005364540097	24.5526281242283	27.6976839561666	45.9999434455725	out
1160000	15.1724547769411	17.8197568221034	54.2213928017119	45.99994344557	out
1170000	9.87049944974761	17.6361695637514	46.9556466364576	45.9999434455721	out
1180000	4.56201024212328	13.3620000113149	27.2640449598839	45.9999434455725	out
1190000	7.48424137851691	20.7442392122328	21.5353737702724	45.9999434455682	out
1200000	3.27887689228445	9.37424075663209	24.9771517540701	45.9999434455693	out
1210000	2.36549805249879	4.24923770484504	42.1290902837356	45.9999434455717	out
1220000	1.96785055096544	3.3621922844933	40.4001230134256	45.9999434455714	out
1230000	2.03504157498351	4.02418388795152	35.9405056387022	45.9999434455739	out
1240000	8.42460005009773	2.99185910577631	33.0302296666996	48.3028257827019	out
1250000	6.11785724148559	5.181751019364	25.3463662841774	57.1035226988499	out
1260000	5.26376068116718	11.9966416620819	34.0651676087052	57.1035226988489	out
1270000	6.02319280192889	10.6504334929106	40.8531622271237	57.1035226988471	out
1280000	2.00835186918207	23.9462798431781	29.2278701218908	57.1035226988538	out
1290000	2.51851266294647	18.2196138913618	32.9136964288423	57.1035226988499	out
1300000	4.94749311279845	10.1370904988954	41.7801234267277	57.1035226988499	out
1310000	7.50820505499776	17.3835301407745	41.4528209691191	57.1035226988528	out
1320000	20.2939698830181	9.02789274054392	41.6120379389518	57.1035226988563	out
1330000	22.9567125938874	13.3188805576747	35.6355618143972	57.1035226988542	out
1340000	13.3372935455976	6.97429148641486	37.9178537950008	57.1035226988478	out
1350000	13.6233490673733	12.6988021343498	37.327306387688	57.1035226988464	out
1360000	9.16788320712518	17.6312280074105	40.7221096619558	57.1035226988535	out
1370000	4.90176763398464	23.8856629407435	47.0543156290887	51.5234679823045	out
1380000	5.94107569230671	24.703209922183	31.2344028251811	51.5201179394417	out
1390000	0.956226040525721	24.6342008144859	20.4140122822384	51.5201179394417	out
1400000	1.52745031906534	14.2326736026583	32.1468338180249	51.5201179394481	out
1410000	1.13936987349188	7.83704773989857	24.1311513023025	51.5201179394467	out
1420000	3.0366149510666	19.5250809915217	35.6508593841507	51.5201179394495	out
1430000	7.04636880434819	20.847056389905	38.3968101256851	51.5201179394467	out
1440000	10.6377483209616	4.06298398489362	22.6492186066743	51.5201179394495	out
1450000	5.46469362161792	7.0103455380023	17.1806115580956	51.5201179394488	out
1460000	1.95007036297214	7.04832562694353	11.7497917946	51.5201179394396	out
1470000	7.02449152352225	8.07746217823624	19.948649890171	51.5201179394488	out
1480000	8.88969926966503	7.0797645554217	28.7117455870423	51.5201179394481	out
1490000	4.8789895734406	4.36193624367878	25.4816391382178	31.6850305729488	out
1500000	8.10452147400582	5.99914659617706	15.0872881799888	25.7803212011979	out
1510000	5.9160177133303	10.640584062174	12.189973233264	25.7803212011964	out
1520000	3.59923352337477	6.61667780271031	11.3697701027309	25.7803212012014	out
1530000	2.51521164670168	10.851925144164	16.491808421878	25.7803212011993	out
1540000	3.04568634230726	4.79177361173466	14.853392866722	25.7803212011972	out
1550000	3.5211279713379	2.58199867982682	14.5404451040129	25.7803212011964	out
1560000	2.97497454551339	2.09405036423203	12.1161484915035	25.7803212011936	out
1570000	2.71696325390804	2.19643028035161	7.86281446609074	25.780321201195	out
1580000	2.31055578786545	2.26158127251015	4.15918422859214	25.7803212012014	out
1590000	2.9037352537407	3.42664786247191	11.4496236571377	25.7803212011929	out
1600000	2.68490784933251	5.73304678753424	17.0804690050009	25.7803212011936	out
1610000	2.84969057315383	10.7364921929758	15.5357326131576	24.9037743241452	out
1620000	3.43846192651442	11.5167796045498	14.6716444379038	24.7755677887135	out
1630000	2.12155281693587	6.47173274692552	14.1050693410136	24.7755677887156	out
1640000	3.07805579812452	2.80493110617606	13.898707459267	24.7755677887149	out
1650000	2.99130398006806	2.93940415620906	14.8363581405384	24.7755677887177	out
1660000	2.19718773283173	3.72085802790139	13.5001942480322	24.7755677887135	out
1670000	2.40974113597048	2.62194044240101	13.2814948293493	24.7755677887113	out
1680000	2.64612921288503	3.63088057151408	14.8364203111377	24.7755677887142	out
1690000	2.87013016183639	4.69616846082932	14.8908924090371	24.7755677887099	out
1700000	5.27437332136191	5.04692446077399	15.1044838603624	24.7755677887149	out
1710000	6.38201916436643	5.26553139388994	15.6123814658883	24.775567788712	out
1720000	5.55544302814805	11.2732712498065	18.0339220679862	24.7755677887099	out
1730000	5.38961099233024	13.1168174357011	18.1694953655651	32.1200837599882	out
1740000	6.00603327349134	11.7012995656884	15.2038317325975	33.7333869999242	out
1750000	3.11725595951184	7.44389211669354	13.5798362404458	33.7333869999298	out
1760000	4.29837598047307	14.2464366899524	13.8993552068271	33.7333869999263	out
1770000	2.89360198900557	9.34107842518603	10.1652432749056	33.7333869999284	out
1780000	2.89314076232561	13.6954823186912	19.8796580276969	33.733386999927	out
1790000	5.3359697928963	27.912674553564	18.5615146163023	33.7333869999377	out
1800000	1.52296707490169	22.7375307087099	14.8880649288046	33.7333869999256	out
1810000	3.51521266203623	20.0260079618721	21.4845556836842	33.733386999937	out
1820000	8.18553963915711	7.6881403480801	16.9802052024593	33.733386999932	out
1830000	7.24474069573091	3.96518730488502	18.8682764403744	33.7333869999306	out
1840000	5.73219401315832	5.41049507751552	18.1582935257353	33.7333869999362	out
1850000	2.95703956791513	1.75081642651129	6.57948639035695	33.7333869999277	out
1860000	5.80463577495802	3.79958432350698	11.4866898165737	37.9658831967625	out
1870000	6.98549528280008	5.83388106322253	14.5521216662807	40.888917341146	out
1880000	3.50823354678695	1.32467430231209	10.6826855364361	40.8889173411488	out
1890000	4.44126219012677	9.52220330735543	23.6667055664299	40.8889173411467	out
1900000	6.37583252432865	15.7195285855313	26.7580939052394	40.8889173411445	out
1910000	4.11363301379772	27.680289394738	28.9731214701327	40.888917341136	out
1920000	1.94929153796775	11.7732629845893	24.3703887183209	40.8889173411431	out
1930000	2.44881022161589	9.58886458428552	23.3675667708091	40.8889173411417	out
1940000	9.50881858185308	10.5973300300551	21.258858932584	40.8889173411481	out
1950000	8.90902520625314	17.005388215297	21.2806029210086	40.8889173411431	out
1960000	16.3361337553226	22.8953205665423	24.1387112846596	40.8889173411424	out
1970000	10.5830361858096	19.2530606229482	22.9585426796902	40.8889173411467	out
1980000	4.04734046921824	14.9360655931378	23.9888357777453	40.8889173411417	out
1990000	1.69026901183127	3.19134514877248	22.3225352069562	40.8889173411389	out
2000000	5.21695497772949	6.4897160334219	20.6144517846596	37.4502750585322	out
2010000	9.4975867669211	16.8727482881781	22.4332083514462	23.0260288508667	out
2020000	4.63188009005489	17.9354210963673	23.5936987228172	23.110378159506	out
2030000	10.9172728033631	25.9072190629631	25.383596345435	24.1902969939517	out
2040000	5.31276033454109	25.8699586803804	25.5603929690977	22.8946240424378	out
2050000	0.627306925350979	14.2962839750179	20.7497373186783	20.4066675631111	out
2060000	0.341999125292602	11.1383790678481	21.1741107023073	20.335822120343	out
2070000	0.602104380253898	9.76195727302311	14.3670470510457	20.1495326821444	out
2080000	0.410920955613747	7.21373863021526	12.5525775812527	18.6074508456862	out
2090000	0.156886454925775	7.96676001003327	14.7570208718946	20.7345575976007	out
2100000	0.183648036712469	10.1097535562889	11.9945340607217	19.7092618421458	out
2110000	0.271316351051709	10.1094877648904	10.7241122241909	20.0400372636949	out
2120000	0.54049053309555	18.5055934204179	10.0562910569593	20.8629171404446	out
2130000	2.15569731885612	6.18356040676673	9.51529499921051	17.9588148878977	out
2140000	8.34661394227432	3.33373725804833	12.9609537410424	21.2585888352088	out
2150000	4.14442663505508	4.36296750615774	12.1424888613284	22.7012938312811	out
2160000	5.51742961177748	6.32889688775791	13.1204638192386	22.7012938312889	out
2170000	6.61945492498948	6.89630424480008	10.9262425070362	22.7012938312868	out
2180000	4.94426971579109	8.66530468545328	9.62668445831767	22.7012938312832	out
2190000	4.76345106975966	8.57440940380414	11.8956493226641	22.7012938312818	out
2200000	6.09367585642371	6.0747975205075	8.66573339342409	22.7012938312882	out
2210000	5.46926575901416	11.9301312060571	11.2418290551616	22.7012938312818	out
2220000	4.59534261767782	6.15149956877907	11.3380183689941	22.7012938312882	out
2230000	4.58596688838586	5.58494691203677	10.321562566935	22.7012938312761	out
2240000	5.68727039653183	5.0166816467371	8.33984303393009	22.7012938312868	out
2250000	6.89844101521118	5.55133375054098	9.91113386787958	22.7001149166476	out
2260000	8.72911179394809	3.91359181176796	9.06120837314717	17.982945579481	out
2270000	5.60167177499302	2.79878758427081	8.32937606950637	12.9718857654126	out
2280000	5.5058978074344	1.62171268468256	7.06115393773104	14.5047433696831	out
2290000	5.87853764391468	1.6224161567596	7.52319867606133	14.7110944331899	out
2300000	4.98095571056929	1.454229518734	6.14506112033339	12.3892139839739	out
2310000	6.2345295510271	1.8493205343411	8.56669780292236	13.881864804209	out
2320000	7.76749905739713	2.06806163259969	11.1760229696365	18.0165089576235	out
2330000	6.23519199004434	3.75931364531006	10.2073586778808	18.9428069876328	out
2340000	5.49001530647431	2.25591041290265	10.6099196216334	16.9282773275228	out
2350000	5.93802861204029	0.986734309176285	10.1594684606994	14.7815888704926	out
2360000	4.98093981976329	0.744985297603762	7.90078046732674	10.6773007207877	out
2370000	6.288505900595	1.39610984503236	9.07667611883625	9.90328891072352	out
2380000	6.5573361481194	1.61268297186474	14.426328660938	18.5014795632	out
2390000	2.37214157908969	2.13680994853362	10.4241095301866	17.8147115471205	out
2400000	2.27242481608112	2.89544318477297	15.036409185732	17.6339484681293	out
2410000	5.24783574093686	2.2902654293155	13.5683395629584	17.6537055684264	out
2420000	3.23486026308704	1.15241443165992	14.6083242715022	17.2977816346858	out
2430000	3.89416317502746	3.25214037027699	15.9529304662321	17.5572245161234	out
2440000	6.22226669611656	4.24737775524768	17.6239197513574	17.7205670385902	out
2450000	3.12913270402806	3.90165918566439	12.5283043328118	17.2414007555219	out
2460000	4.37650136961381	6.61343560376189	13.3414042465986	17.1551584605979	out
2470000	2.64641426274572	4.84249332173299	13.9353395908515	16.9570417641879	out
2480000	3.8750347125676	6.0149276097146	15.5478920894261	17.196217334147	out
2490000	4.23571934783027	7.26465380616155	14.350883809464	17.2713416805422	out
2500000	4.14424440247299	5.26169071568603	13.5467788452303	17.2047958671968	out
2510000	4.30877957028137	6.54764673711163	14.0824531938335	21.1908698323043	out
2520000	8.12707237516719	8.91432704190649	16.3331882596538	33.6154243123246	out
2530000	25.3144095743675	8.08409932919041	18.0771074231451	33.6154243123403	out
2540000	18.4389138042942	8.93358167782559	17.4906433489248	33.6154243123218	out
2550000	9.65470660391983	7.20610026725588	15.950408996423	33.615424312319	out
2560000	3.12659106568329	5.71332523713615	17.4602923505844	33.6154243123218	out
2570000	3.43870577342482	5.25425460760296	16.9274709092392	33.6154243123403	out
2580000	5.57467655525485	6.97862356662959	17.7879724200274	33.615424312319	out
2590000	9.09350052332414	6.00979275754945	17.6147051344465	33.6154243123318	out
2600000	4.36093173147007	4.81867294713858	15.2139751510113	33.6154243123318	out
2610000	3.03254628448215	6.4256189565814	15.3751735076106	33.6154243123303	out
2620000	1.62734902869168	5.30548205386197	16.6577458441985	33.6154243123318	out
2630000	3.5024616229764	6.44961796734478	14.6996755505079	24.3062445700573	out
2640000	4.84858616906685	5.99924716967593	12.0483763581937	29.4182959841422	out
2650000	8.12935908279364	12.8325164589857	15.4690014988752	38.9976026721499	out
2660000	6.91001611535498	7.15888657583861	14.5691163197597	34.6380779354291	out
2670000	10.4703539481527	8.2961865864295	10.4474323055065	22.967742089152	out
2680000	6.14890975593134	5.60364609482917	7.45191550024202	16.6087504487464	out
2690000	3.82799842614219	6.41892054684128	7.36220872636935	18.7922926744278	out
2700000	7.58278377901558	7.05727202909223	9.44184283198908	20.6267998006567	out
2710000	6.416397127491	3.63653275214233	16.8546340668634	19.8736540724099	out
2720000	7.91336355578593	2.03815763891804	16.1568577286573	40.2871596274309	out
2730000	7.37629124966723	2.6314083076084	23.3266399085778	41.7654734694395	out
2740000	5.47912268526982	3.79963948929998	25.5526265825075	32.864585442141	out
2750000	3.86030504517265	3.63669344038726	19.3397263589091	25.0908986712048	out
2760000	8.18700246653155	3.96185781035108	13.4861705821088	25.090898671202	out
2770000	9.73311282680509	5.31074376215415	14.2686165486502	25.0908986712005	out
2780000	7.56058108744035	4.47193044728067	16.5073196055594	25.0908986711977	out
2790000	8.15093700263319	4.08353658138516	15.6431975350209	25.0908986712005	out
2800000	12.5933324899403	8.72311436817697	17.620178166743	25.0908986712048	out
2810000	11.685305572724	4.73429194180106	17.4796275082173	25.0908986711906	out
2820000	18.0191816955336	6.87009570656585	17.7255293334532	25.0908986712005	out
2830000	24.6736395803401	7.98045591125103	18.167690238252	25.0908986711963	out
2840000	25.4690290600708	7.59481435425862	19.513487720792	24.0337427330715	out
2850000	25.8633082691709	7.7965322955464	17.6705852207029	23.0000048062195	out
2860000	19.0784376683272	7.07698516878672	16.5891688409324	23.0000048062266	out
2870000	20.8683663246763	8.48188710142139	23.6233528211336	23.0000048062095	out
2880000	20.2517446392553	8.75153778527462	29.6948409716698	23.0000048062038	out
2890000	18.1421851743028	6.31646007209952	25.5901914527726	23.0000048062053	out
2900000	20.5972705214478	8.35772685558247	33.3081854248391	23.0000048062266	out
2910000	16.3671762640536	4.10851374738463	22.4325470846175	23.0000048062195	out
2920000	12.857421194219	3.51833283313958	12.909429658945	23.0000048062209	out
2930000	7.64393213749024	2.90172020334367	28.052419208133	24.7249050956825	out
2940000	20.3352989704204	6.23171820718689	30.7775197227379	25.9102465633916	out
2950000	16.5906319732194	4.39413529140644	37.4855316572493	25.9102465633674	out
2960000	12.0902881449716	5.91301259592356	32.7077984707856	25.9102465633845	out
2970000	5.99227394205073	15.4750350406434	31.8947366613422	25.9102465633774	out
2980000	2.73996111084323	13.3130545542521	19.5580373820171	25.9102465633745	out
2990000	3.91270801516157	6.41281929063986	17.3609756399706	25.9102465633859	out
3000000	1.74872010994171	3.50580009522474	15.7548572052534	25.9102465633816	out
3010000	2.43467727421596	6.82726652455266	31.1177538411179	25.9102465633902	out
3020000	3.94913011090843	6.63909263814872	25.003367958044	25.9102465633831	out
3030000	2.81252582028877	4.48335659997312	39.0174480178032	25.9668142137613	out
3040000	2.04410973780718	1.71637916340899	23.1425295821239	24.5536907611651	out
3050000	5.45444717151824	2.70068773158769	25.9236838635438	25.0807533410594	out
3060000	7.03919998934204	7.00684509094138	22.7792365681353	24.2601456882539	out
3070000	1.63272629820668	2.93501783806214	13.7725567046111	22.2567034451743	out
3080000	2.5849336493458	5.57492482940738	14.826090148086	23.1517766887237	out
3090000	2.46412639867266	3.22232921127679	10.892215916256	18.8283324465715	out
3100000	2.09121055558654	1.12371261512472	14.8440737746967	19.7419624668896	out
3110000	3.0724765091545	1.97227748879456	17.0043134451923	18.730982165394	out
3340000	3.5005017269782	3.74741920304977	22.6884497748692	19.2558706333557	out
3350000	1.18487893019186	2.89205508416259	17.4362017519307	19.2558706333728	out
3360000	0.855496307307035	2.15838133579815	24.8388188136794	19.2558706333642	out
3370000	0.401475790786776	3.70660263852258	15.9600590045351	25.1440212528792	out
3380000	0.400400611005125	2.93021865746574	11.859253137289	25.2258094141638	out
3390000	0.561216530957509	2.67440836200272	18.0512326725612	25.2258094141638	out
3400000	0.928301157484412	3.57279736493403	44.4169322304461	25.2258094141695	out
3410000	2.08127283448292	6.53370911141309	31.1919421455443	25.2258094141695	out
3420000	2.78800687806218	3.64944577508695	17.5770576551301	25.225809414178	out
3430000	3.40164163940777	5.25192132759642	15.6350634509735	25.2258094141766	out
3440000	7.44075137529094	13.0187214090771	35.7860188151705	25.2258094141709	out
3450000	5.73356884805349	7.02439108798778	27.2984342436459	25.2258094141851	out
3460000	0.938809659850293	3.61043839001667	20.2500828078115	25.2258094141794	out
3470000	1.00539463021079	5.06055455589447	25.773950070591	23.3743479881568	out
3480000	0.605132444959011	4.13211539297826	11.4733122182116	16.0670140190575	out
3490000	1.36498572527799	6.18244225413989	13.7645654736914	16.6225589894324	out
3500000	1.34819525034011	3.28746569949523	10.2844671734928	14.7725473933988	out
3510000	1.46198923547516	3.94226992658488	14.2507312808192	8.99836201292601	out
3520000	2.6358703782666	2.2348335293124	21.2382937708071	25.1346170633767	out
3530000	2.02480794444888	1.40386546729445	30.3137611839375	23.6879650844685	out
3540000	2.94158639316642	2.58990510137806	22.6432542766233	29.1246212966499	out
3550000	3.8267448524401	3.31292898555695	37.4061681160583	28.0273702355913	out
3560000	5.22192525137264	3.65942116450206	27.7101342353731	24.3155844318267	out
3570000	7.97183477113634	4.0416796369648	30.0066795031256	25.4184304841829	out
3580000	8.49333013283236	4.59424020676842	28.3110248517644	18.103541583551	out
3590000	4.13902758697446	4.43590801813052	16.3609424339143	15.674729128321	out
3600000	5.0331940138804	5.35291950012429	12.6275835492507	15.5660468460866	out
3610000	2.02693869706181	1.57742891297943	8.5943599375625	14.7350144683529	out
3620000	2.04639723756372	1.27072901237248	13.2558617546437	14.8841796895624	out
3630000	2.85587350895611	1.5427269447148	18.8288689700002	15.3800092442978	out
3640000	3.28691861804842	1.05554582261327	24.4548480726152	16.9737707838408	out
3650000	5.68135511417012	1.30782552357473	40.9378225316615	14.612416878677	out
3660000	7.10053934094148	2.61337815889178	35.7474301958462	14.53110855349	out
3670000	8.53503754816067	3.24178243671049	20.6557803953174	15.8250951556013	out
3680000	2.78797598717802	3.11190663507332	13.3092002313802	14.7569238766906	out
3690000	1.53960284370989	2.22343540593393	16.6042064599452	15.2963673367296	out
3700000	1.09110833013837	2.07936459152158	14.0319053130966	15.5658765355753	out
3710000	2.331623654187	2.40345023291937	18.2436869379089	22.1772342742682	out
3720000	4.89079963861521	2.18417812127107	15.5167506540494	25.7138197877964	out
3730000	8.13250644805272	3.40369095138868	18.7277468397923	21.1934345651557	out
3740000	5.83255574969215	2.39207540590201	13.6270008372264	15.6483204341683	out
3750000	2.13461458747801	1.12787659730103	4.39249443437575	6.13368286547171	out
3760000	5.12555668293224	1.36649681141421	6.04661462345604	9.87974128527469	out
3770000	6.00560591478931	1.28418668584729	9.83727237555456	12.0106586481938	out
3780000	8.53264154413154	2.07303558994489	11.912856016076	12.1108324130049	out
3790000	5.68243189729323	2.7836443452955	11.8693818443006	16.2659729275973	out
3800000	4.91662250564104	2.23175224207637	9.55584697861269	15.0061119184059	out
3810000	6.75027872623382	3.21161591097479	11.4870223020816	11.4993655817784	out
3820000	2.94904576457604	3.45859516018834	7.11876550735582	6.24630820020258	out
3830000	2.99990182253644	0.86049001762909	5.87082019572023	4.51065105510651	out
3840000	3.6693591702619	1.40818511657521	6.7280736315567	4.70159901493474	out
3850000	4.72331865194562	2.37436594535403	7.56712324730699	8.22148035977506	out
3860000	4.27851744371175	1.39601764841188	5.63112753156361	6.26057128571631	out
3870000	5.04221535878422	3.88185610078722	9.27075858027422	13.6101564959546	out
3880000	4.82782571558928	1.24130230427539	7.81312236913294	10.9184745411795	out
3890000	3.41521865607604	1.20430467485981	5.69023233560415	5.90891152268682	out
3900000	4.2937954886888	1.31832327572283	8.2776733310709	8.48257490819435	out
3910000	3.89723136544049	1.92661572124457	5.61078540180375	7.68185566279982	out
3920000	3.70680506959644	1.30032043139785	5.21249206059764	6.82912074987598	out
3930000	3.92941225179761	1.74916101350284	5.73492333183196	8.64946654875212	out
3940000	3.85319943879594	2.40086405851621	7.00248314059166	9.88583078208478	out
3950000	3.58416251615417	1.77908738664811	6.58788411518145	11.2356696812185	out
3960000	3.88383618559907	2.66454631587152	7.18360643819125	10.5741019443144	out
3970000	3.71594913174675	2.62546869091196	5.73533769150743	12.5590090098186	out
3980000	3.83512971361633	2.10374175211712	8.04619168578569	20.1644951845907	out
3990000	5.34722656330686	1.06110278205165	6.55167191631705	6.12031736772707	out
4000000	4.01754511868795	0.777460724437873	4.43009012914359	5.99435384664133	out
4010000	2.51687372585394	0.783620215367264	5.82417129115811	7.04052282587924	out
4020000	14.9611594388325	1.7044727552566	9.35694166009	7.70517608419112	out
4030000	1.94406618417098	2.91630207211355	9.49078340312894	12.9300074725577	out
4040000	2.30210910137316	3.12417573902195	9.18755063188286	14.735570466388	out
4050000	3.04624061037053	3.23174467304206	6.10211120319377	16.0806884678365	out
4060000	4.62823024224477	3.77665813129369	4.91057919648483	14.2236771840587	out
4070000	3.97075251724743	2.8704092767299	3.69534662622044	5.90467469082938	out
4080000	5.71445888499156	2.28676706041533	1.84952589068956	3.48397343803555	out
4090000	5.42733293584554	2.39491773353961	4.34491083112789	8.10462054534611	out
4100000	6.81883832830152	2.4300978837303	5.68222400240472	11.9831259359984	out
4110000	7.60810002339802	2.47754471591115	8.34217123138501	12.7367476750706	out
4120000	6.94651171171436	2.78658552809077	5.53819812080718	12.9232772881949	out
4130000	10.5614587846272	3.81815030072765	10.3225829007513	12.9837743847261	out
4140000	8.16889152393294	2.42908595020239	7.41652862004258	12.8509833698971	out
4150000	5.7266425292287	2.78568046520213	5.58524762887771	12.99395803794	out
4160000	4.6024424378782	3.38565729057621	7.85317800221748	13.0018544383518	out
4170000	5.05594036683377	2.35388458445307	5.73093226525714	12.7945945542479	out
4180000	3.29752566065871	1.95136561010116	6.93647547323906	12.9168161758017	out
4190000	3.78932850156701	2.53166619452116	8.61716608002894	13.0830543250624	out
4200000	4.4486584225087	2.72468124187881	6.61253505339374	12.9501968251333	out
4210000	5.91669204411325	2.53311016006776	9.28006307227776	12.8383502449083	out
4220000	3.50482199323565	3.09056962802288	8.77018269057857	13.0759481749934	out
4230000	7.97500466047047	2.94503517758926	9.78451970574241	13.1726704905589	out
4240000	6.88006083080168	2.90603820231503	10.1324148580872	13.2031954050959	out
4250000	3.01712934274896	3.15606547493061	9.96483023323975	15.0905085055754	out
4260000	5.85422600450585	3.04080460858742	8.40793878510198	14.5091425238761	out
4270000	7.75160847275629	2.45197436162172	10.2215910087239	13.4625894345788	out
4280000	6.08629434071091	3.07671716937996	8.24550344083121	13.7236431528535	out
4290000	12.0010130651519	2.86342257393137	6.86853427276333	12.4611795443641	out
4300000	15.2174318310642	3.05702932720529	11.1045400764993	14.4520640048171	out
4310000	18.1249700863297	2.63843760714799	10.4528545316597	12.5036704594109	out
4320000	13.8483302176891	3.01615893120335	9.4606163992637	13.2572649820929	out
4330000	9.24693084279831	2.89442622081495	8.11333780070242	13.4349816278544	out
4340000	9.48964636415468	3.38211500280181	9.6104800503312	13.7251179012509	out
4350000	8.77862765473516	3.02048602838347	9.45771260430064	14.3798401171097	out
4360000	8.77862765472841	2.74497503126234	7.17466580563979	13.7704159913611	out
4370000	8.77862765473019	2.77928702635215	8.7055328655083	12.3031700730195	out
4380000	8.77862765473019	2.33239572870545	8.71175019630925	8.48062290365021	out
4390000	8.77862765473267	1.94179946671582	9.02677833670253	8.62870659849762	out
4400000	8.77862765472877	1.31771968383489	5.67794056885873	8.23038038333266	out
4410000	8.77862765473232	1.82661954442729	6.53674957199684	8.34348418046602	out
4420000	8.77862765473019	1.62187403934269	6.04316744997817	7.99612824787062	out
4430000	8.77862765473196	1.52440802522982	3.22800134937751	8.02131929630576	out
4440000	8.77862765472912	2.03422136180009	8.18143123885591	8.04539706691685	out
4450000	8.7786276547309	1.68881336660611	7.804675318269	8.33450747601603	out
4460000	8.77862765472734	2.28821131200121	4.79759145014782	7.44881666702355	out
4470000	8.77862765472877	2.00417856031976	4.97731864355444	8.05611616087987	out
4480000	8.77862765472877	1.71935522202169	9.33566441737952	8.46218526081515	out
4490000	8.80357199369683	1.6134767731522	5.22313653359845	8.11814650697897	out
4500000	11.7970315757724	1.99179221763757	9.05407770366651	9.6999827906501	out
4510000	11.9792170443969	2.30781801899909	6.84972867245079	13.8000789752041	out
4520000	13.0234846587641	1.61574218357927	12.0692200609355	13.8000789752098	out
4530000	12.5288614368817	1.78718966814237	10.0564962537376	13.8000789752112	out
4540000	11.3597138429213	1.58533471170479	7.15266993850463	13.8000789752112	out
4550000	11.6620669805751	2.12138085098736	12.5547072455433	13.8000789752112	out
4560000	12.4069568406416	1.54259425714152	10.6199144800996	13.8000789752041	out
4570000	12.6968603607494	2.07063229432158	15.1052714457805	13.8000789752056	out
4580000	11.9712938992674	1.71819726347913	12.8745317397758	13.8000789752141	out
4590000	11.9781674517476	2.02685114179104	9.70544843981997	13.8000789752056	out
4600000	11.7441150199959	2.28898451910879	7.50380575845355	13.8000789752056	out
4610000	12.4631432471606	2.1741360527848	10.3045262540704	13.8000789752255	out
4620000	11.983326383352	1.56887660983216	10.0894584702147	13.8000789752098	out
4630000	10.2190687747218	0.9691405402382	4.08717178998756	10.756473017382	out
4640000	11.9948114230862	1.11508260793194	4.89456709310616	8.27410055500195	out
4650000	13.1860093279801	1.2772522443786	6.00936632077946	8.0917168328881	out
4660000	11.2669806469775	1.35206572480513	6.58792200056126	9.10489749755499	out
4670000	7.71493180160903	1.4737651166957	9.45268768420817	15.9021452735843	out
4680000	10.4569618108613	1.34225499147682	6.71926965633389	14.6507003990081	out
4690000	4.79075364438124	1.42795700403653	7.47472366626027	8.75934458393175	out
4700000	7.79445299231085	1.3643877935742	7.60385466161182	10.3030739122659	out
4710000	6.96860145592844	2.27757627666598	9.59037462012446	12.738549446928	out
4720000	7.3126959417209	2.69118311074266	6.72028228589454	11.9462644324059	out
4730000	7.23472953363853	2.57215642119952	6.50476722041446	10.2324393316991	out
4740000	5.04613536202712	1.75319734808213	4.96117376026319	8.73250318800416	out
4750000	4.64633720355003	1.80639491771721	4.09812283775466	3.66788643902538	out
4760000	2.62573395437222	1.15376867459602	1.91851151138991	5.422907043301	out
4770000	1.07809913643564	1.07896506143703	2.7466114845879	4.6005061020594	out
4780000	3.34693300518296	1.63816989003429	5.57070884932216	7.50315981561442	out
4790000	3.69777655227779	3.50776966489192	7.91136346230417	10.7706334903909	out
4800000	4.99360550030836	8.78069133041066	6.15781312410064	9.99229397789207	out
4810000	6.71107321649451	8.45707480735243	13.4687536896692	21.0140377263741	out
4820000	8.31779236549686	10.7196174044784	14.640779935533	29.0687262913224	out
4830000	8.52576199696706	13.1980270966718	11.0300450065552	18.6002418015221	out
4840000	11.2422026866557	15.3571898280514	12.4233061001178	37.8224375404301	out
4850000	9.34049210271084	7.61781069264167	7.56832069495346	23.1898712562085	out
4860000	8.22656655960827	6.6401243795184	8.14486205996729	20.0049243086013	out
4870000	7.63902610312606	6.05354500158448	8.3445481584846	20.9044047232823	out
4880000	8.21617485952224	6.80252829581853	12.1028537094077	21.5349434475684	out
4890000	10.3662986327453	6.68163793618071	10.8447974327547	21.7126244992684	out
4900000	9.01490921378212	6.46454266534313	13.5824275456741	25.6415316269354	out
4910000	7.04910989845295	5.61039639673062	13.2430397706457	24.2316148181899	out
4920000	8.58788297055177	6.81846204765115	14.537958199854	24.3461101406723	out
4930000	8.95945809351275	7.94373190517241	8.90996855051753	23.1356862298298	out
4940000	9.3223622005997	6.75049906601153	8.36744063848158	13.9379541634327	out
4950000	7.64417568153526	6.49646517180358	5.24605611589664	13.7294782993834	out
4960000	6.41481957696399	6.07580817320041	10.0179399414515	11.6791120030314	out
4970000	7.73619155734728	9.51546068794116	8.34454316064637	17.9247818095305	out
4980000	8.70318725037862	7.73085688926862	13.5688343797625	19.5261678344693	out
4990000	7.89202600848533	6.61071416465866	14.1075102232335	17.2387864574304	out
5000000	8.18551384472244	4.23467601692273	9.56584998397574	17.2059489672861	out
5010000	8.08985059008336	3.94851662658517	10.1625079272196	12.3829153176544	out
5020000	9.4745922304309	5.87539827678007	8.94094551721309	12.1543939084546	out
5030000	7.0377450034556	5.65062414433299	5.67815453347009	12.0378297949145	out
5040000	8.78823525763366	6.05145742641859	9.29817528658674	12.0543472603586	out
5050000	8.62545648590682	7.03063898756966	7.59078327336198	12.0498079499455	out
5060000	7.00161736925935	7.46788462635131	7.58423858061974	12.0609507497733	out
5070000	7.02773309151965	6.47950612224157	6.6109635946475	12.0989480719118	out
5080000	6.15749100901084	6.20949759925864	6.22402551009174	12.0004114619348	out
5090000	7.23373583827325	5.31898879662478	14.8978018813622	12.1264777093231	out
5100000	5.57318994980882	6.7882385357489	13.2251956586359	12.1642992522482	out
5110000	2.63261677975422	6.54868267552295	13.1826434108845	12.196094311075	out
5120000	2.26951865580425	6.23910211714822	16.5135589467098	12.2351279940446	out
5130000	3.04553138899237	6.73000451716561	15.1299850548796	12.1567807635245	out
5140000	1.62219106899286	8.23862809975111	15.131503190905	12.2105185249637	out
5150000	1.29007900130702	5.80572526246925	15.4164288110422	13.0150134259083	out
5160000	1.29184750559475	3.86043892371433	9.69748783107036	14.9637404708002	out
5170000	0.813845075714781	4.27032764940094	14.7331540431324	14.8596767591485	out
5180000	2.53905272464294	2.62594044795037	14.0871888725215	16.5862851351093	out
5190000	2.88140676247757	2.38637830274087	16.7506325831937	16.3809931401971	out
5200000	1.42794200555088	3.46753711163501	15.447882110135	14.1037778727664	out
5210000	0.712557610357578	2.42271003159331	14.7644287627188	15.4925828913107	out
5220000	2.04848483207591	2.22591953251339	13.2636996746598	15.02002110512	out
5230000	1.19516344781907	1.95588335717574	14.1795854584103	16.055572638534	out
5240000	1.09054361671141	2.40386297350526	14.0904050568807	17.041454339217	out
5250000	1.03157645792571	3.05729003673747	10.6372330822552	11.1925091068272	out
5260000	0.633018785714512	3.00975555212304	10.5388960216658	12.7049895659994	out
5270000	1.16015329407411	2.68226802797074	10.7300009163481	11.985328384182	out
5280000	2.0568860208126	3.48785140669605	10.0869590152271	12.4944103178692	out
5290000	2.59383287906196	3.51811245111335	12.20033655908	10.7689637678533	out
5300000	3.35411308502032	4.48076770537114	12.4770564898299	12.3954857015349	out
5310000	2.30443480937481	3.0822916559238	11.5178478772009	13.0904575773641	out
5320000	2.30692941800221	2.27766925119326	10.4325898633718	13.1213625856702	out
5330000	5.74811817260681	2.88468290907957	11.2788865791231	12.5299251072633	out
5340000	4.73993507414825	2.74739969423621	11.5480622292864	12.4167030417908	out
5350000	4.36600411818517	2.49191634760493	10.8003303269953	13.0104543699773	out
5360000	2.52744670781979	2.63254654035592	11.2208393986634	13.0756565710215	out
5370000	1.80747884316155	2.60213923581674	11.360676261728	12.9663449244703	out
5380000	2.50027154234793	2.20485484256301	11.1222741607506	13.2382351270252	out
5390000	2.63362793820185	2.56160158198426	10.5857065486944	13.4436592394209	out
5400000	2.58587457980752	3.06300692814503	11.5484014703455	13.1408277337982	out
5410000	2.71283950130581	2.33209935813861	11.0733193955951	13.0905254215492	out
5420000	1.6342985191212	2.72665723379291	11.6516713985916	13.4109836632334	out
5430000	1.26255880283779	2.69360119190836	10.9056558824705	13.0644779416144	out
5440000	2.0414597621528	3.02632508048646	11.1876707463935	14.0342366241484	out
5450000	2.30098913913501	2.01701478361471	10.80840080336	14.0263644137974	out
5460000	3.55020166903621	2.54957466896286	12.3440415134112	14.0314710457403	out
5470000	3.93810752102581	2.13553216353972	13.9048610025043	14.0321792528709	out
5480000	5.08044926025697	2.13315563925534	10.0967556520132	14.038442449197	out
5490000	5.37116463530367	2.05339487490619	12.3756972470929	14.0380121243751	out
5500000	3.60994861612625	2.14640681533567	11.0952355093815	14.0329828667632	out
5510000	4.11221727050872	3.92552082641799	11.9450186181766	14.0347617563208	out
5520000	4.68435488832846	2.27153881586517	13.3115446198076	14.0242649804961	out
5530000	4.24103781144645	3.11923649139985	14.8878123417745	14.0520573173291	out
5540000	4.0253931578615	2.22196851667178	11.5039472866442	14.0263438926297	out
5550000	3.9941298073078	1.92716119957552	12.2002662048004	14.0413022701949	out
5560000	4.33067275854313	1.94530042544514	11.3114980449168	14.0418965150431	out
5570000	4.39910643708465	3.61613315384304	12.8670254351007	14.0437939438911	out
5580000	5.43226527610834	7.01453317090639	15.3353669716694	14.0422132548338	out
5590000	4.53011078007854	4.84588331959444	10.9404276260463	13.6833304242415	out
5600000	4.33400342336761	2.5547950947086	10.8631548651104	13.6301097579164	out
5610000	4.17729034230696	0.388331997299218	10.8515151477278	13.6558709796816	out
5620000	4.17729034230625	0.393433416962807	10.8515151477263	13.6558709796901	out
5630000	4.17729034230661	0.393786906100502	10.8515151477278	13.6558709796773	out
5640000	4.17729034230625	0.393786906099791	10.8515151477249	13.6558709796887	out
5650000	4.17729034230625	0.393786906100502	10.8515151477263	13.6558709796873	out
5660000	4.17729034230625	0.393786906100502	10.8515151477263	13.6558709796887	out
5670000	4.17729034230625	0.393786906099791	10.8515151477263	13.6558709796873	out
5680000	4.17729034230661	0.393786906100502	10.8515151477292	13.6558709796887	out
5690000	4.17729034230554	0.513304348061183	10.8515151477249	13.6558709796887	out
5700000	4.17729034230661	1.1414248104586	10.851515147732	13.6558709796802	out
5710000	4.40227300457323	1.59157796094007	11.8785117786004	13.6692329653187	out
5720000	5.71577671002963	2.53242555079964	12.15945322175	13.8568803728049	out
5730000	6.6765234809953	2.40488885800971	11.0698780528352	13.7467714592034	out
5740000	5.0160172096728	2.19429065745018	8.38708755528614	13.623705628963	out
5750000	4.50420726798484	4.86387973191142	9.66227615070636	13.1789088048464	out
5760000	4.27427160261686	4.46743943051189	10.6785763969569	13.8803655129436	out
5770000	4.74401528763515	4.19090356397049	11.274382918937	13.7901062386305	out
5780000	4.1914973093597	3.05990647672729	10.262513225149	13.7785268339059	out
5790000	4.11931202422764	4.72073895054947	9.60981247139472	14.220119412569	out
5800000	4.14294942286944	3.3216951930811	10.7815465302878	14.2003603532899	out
5810000	5.85970654493408	3.21809246773483	11.2902829306279	14.1194861023308	out
5820000	6.83692390650776	2.45908424749715	13.4311636908066	14.0107496107987	out
5830000	6.67326687508591	1.8498309248848	10.1993071430869	13.4017767820268	out
5840000	7.1344564014467	10.6672961895889	10.6008230166225	13.1566558134168	out
5850000	6.45952613858825	4.88415943799225	9.28035271735581	11.0769225245775	out
5860000	6.84965162630249	3.79069275606909	9.47376371154149	11.0769225245775	out
5870000	6.94055915389526	4.6072964773316	7.09967736213883	11.0769225245733	out
5880000	6.95704350925936	8.26213274713723	9.34234149678161	11.0769225245733	out
5890000	6.74660426672133	10.4657953139622	8.1155273778009	11.0769225245875	out
5900000	7.07770238443644	14.3043184022808	9.42939877529341	11.0769225245861	out
5910000	6.5046614830095	7.35672726585506	3.8339881280919	11.0769225245704	out
5920000	7.00055728593867	15.6522807066715	7.1673998988345	11.0769225245832	out
5930000	7.13990820969741	13.4922894664101	9.43215750849902	11.0769225245818	out
5940000	6.92011517878939	8.1135458588399	12.2423510160061	11.0769225245718	out
5950000	7.44022401767737	18.0364090173292	13.8230084637684	11.0769225245605	out
5960000	6.66456253091425	8.31589315539532	7.9396194188476	11.0769225245662	out
5970000	6.76390258155095	5.21013439976983	3.94706642780704	12.8419518227588	out
5980000	5.47017094995468	6.29821228720147	7.82973544608154	15.7202188442682	out
5990000	7.34458385833321	12.639159270033	12.7000174559882	15.9775135759233	out
6000000	7.21165670496333	8.54732973052208	14.4244514860532	16.3345379629391	out
6010000	6.56974919397371	8.78437472566773	12.5143847686019	16.2231938774298	out
6020000	4.28990157626785	5.47498117925258	12.717991587084	15.8031851912341	out
6030000	3.23243228880656	8.31097154066143	11.8417603752832	16.521691665038	out
6040000	3.49663635709803	3.02710695722155	7.99598015760381	16.3219167977772	out
6050000	8.10201459502977	5.7764400318419	12.8367870313241	16.4152863416135	out
6060000	14.86634763762	3.23364614934576	14.286358446752	16.3536733308788	out
6070000	14.3778709394766	4.69090088013147	12.4018324634633	16.6431440198821	out
6080000	8.56375649560306	2.06096794624955	8.82209585176383	14.5819211200134	out
6090000	8.80326512101561	2.79124551752261	9.43319270031964	13.1461364988297	out
6100000	4.6790035980095	2.37022567355041	10.4082582303363	12.1796101164762	out
6110000	5.00312454394489	1.28798185355947	9.64877938957187	8.24842354599582	out
6120000	4.50689715692718	1.47828685340841	8.86430308428885	12.6370459868326	out
6130000	3.73881287600497	1.55785530395463	10.3169625843975	12.4098348213266	out
6140000	5.89076064750387	2.57964534088231	9.59006416840111	12.2328986685744	out
6150000	4.40101973680456	2.51550082116694	7.56397992890072	11.6924357591444	out
6160000	7.09559537710334	2.55972008359109	7.71119823577067	13.2841582150405	out
6170000	28.8590266975511	3.77373217070627	7.68133773274542	13.5642572094525	out
6180000	19.8438403533316	2.86558035861688	10.7130174399629	12.8514263236298	out
6190000	24.328656737201	4.62068462822245	11.7497952498297	14.3515795875516	out
6200000	15.9177764720191	5.52050883549455	11.0441468101598	14.0526321496679	out
6210000	13.2606293828402	3.26540792210608	11.0525686356283	12.9112473583262	out
6220000	13.3980146589217	7.54973241918222	10.9968231482199	14.9320249413393	out
6230000	7.82452415370614	6.34070928051571	9.13242744305904	11.60562655636	out
6240000	6.52405647569907	6.59395567175096	9.06225671019456	10.0289519100869	out
6250000	7.04643717874376	5.11315258652445	6.45596044464156	10.6277976295445	out
6260000	6.7318853323215	4.33906349660376	8.28030920765173	10.6114615767353	out
6270000	7.99979238546484	5.33753821905378	8.41157505946484	12.3768695433228	out
6280000	7.29556933014308	5.84866492617522	9.2363704059224	13.1221657770794	out
6290000	7.55223233170739	4.2389478660958	7.85513813775509	11.8967446693546	out
6300000	8.10960023236973	4.6030994060331	7.25703926027705	9.40357564190606	out
6310000	4.79839088037934	5.52450717690078	6.42982240814405	9.58752945824983	out
6320000	7.3006181985221	3.29303547508957	7.14105683667157	9.7075334075015	out
6330000	6.86005978890449	2.92730270558934	7.42963353008008	10.5786528454189	out
6340000	6.59625371783434	4.60837297111993	8.09247495987222	9.64296781403675	out
6350000	5.5519386428891	3.41369348994576	6.95296200512274	9.57549866443514	out
6360000	5.55955018417933	4.14144395784177	6.30897758486668	9.4159494372775	out
6370000	6.37879823219265	4.81504528687324	7.63799944144949	10.667746976182	out
6380000	7.8271981130861	4.14108152733377	7.17488728438269	9.81455171325933	out
6390000	4.47640362713742	3.55121650918591	8.74133116518578	7.48297454306055	out
6400000	5.55829059273307	4.60314346468707	7.55066253793046	8.72808710000754	out
6410000	4.37432259981847	5.22717510902879	7.84119004582493	7.86123517612793	out
6420000	4.2743934893835	4.70435200799457	10.2798999512927	10.2806252238992	out
6430000	2.37949410844109	5.10265248599637	5.422957026002	5.64164007828367	out
6440000	1.15231483347671	4.04326339961187	4.48846534351617	4.87138407094676	out
6450000	1.40901756745677	2.89838349628155	4.52999833866841	6.78466418267476	out
6460000	1.69737396094334	3.83963821988473	3.43134267014022	5.37682720906787	out
6470000	3.16970198016122	1.6496469613017	2.63024939587098	5.40329333734064	out
6480000	9.23003497206665	10.2078896638588	6.48269570968125	7.85712431656691	out
6490000	6.57088871368856	8.27954433005118	9.79055348169879	9.07237755002939	out
6500000	8.36130616174344	9.24796219044737	7.92507308516974	9.3784492232345	out
6510000	4.90183085633404	2.31002147927271	6.82561346713157	7.30776034664586	out
6520000	10.0759868083713	2.59210257172739	7.4036930096355	7.01026282243049	out
6530000	12.8421507153824	1.9806592951845	10.9915419159279	9.28628496534429	out
6540000	11.6196263592407	1.00295337592868	10.8842578350504	10.5186116273586	out
6550000	5.31921167763727	0.982107303720881	7.79968671409961	7.29584398182226	out
6560000	4.77111202459213	2.08178393944323	11.4724754138237	19.1970640136731	out
6570000	10.8339601621331	3.70858808280516	13.6187151884386	11.7446810093099	out
6580000	2.60581975084193	3.13512327538561	11.233722729672	5.88204377330328	out
6590000	3.22951326654746	3.38310138208868	8.01479348700411	10.6518517592178	out
6600000	2.25841912651603	2.51540171559554	10.5953773385238	9.2627748388793	out
6610000	3.15718380993388	2.31180404645883	12.0783929870484	12.3949795633308	out
6620000	3.29976952415407	2.02947374366929	10.9586970983926	10.5698490130692	out
6630000	3.5056346366737	2.76864756211452	11.2776031817504	10.2523148088125	out
6640000	2.83783443016645	1.86229115615717	11.6258320422233	12.1796191214287	out
6650000	3.42700312366944	2.45502426300419	11.3698619472459	12.1927647145839	out
6660000	2.06689818111059	2.90448215980703	12.568290602843	12.1927647145753	out
6670000	4.51302488637211	2.05487779777087	11.9741534815915	12.1927647145782	out
6680000	1.68548312311785	2.00207530987413	12.5949254713063	12.1927647145384	out
6690000	3.02763358849916	2.47192023786695	10.4017079496387	12.1927647145611	out
6700000	3.120184036284	2.65302195069239	9.78567638697143	12.1927647145412	out
6710000	2.26967286079329	2.81656080896227	9.50575478069737	12.1927647145128	out
6720000	2.57226977754783	3.10114311863074	8.70459474441105	12.1927647146009	out
6730000	2.40389617437273	4.25741982200236	12.6087954581649	12.1927647145839	out
6740000	7.57307789974817	3.78970972673329	11.7885372219817	12.192764714635	out
6750000	7.32844804533599	3.90228713755292	8.59457709596967	10.1845677174964	out
6760000	4.09251060082738	3.82084930823936	9.53962437268814	9.57284628660489	out
6770000	4.2438395969036	5.12700969801685	10.7244751323748	9.55349099397154	out
6780000	8.5931436346911	4.39225191311863	9.49384414567902	9.68596912253474	out
6790000	4.27152744169135	3.28312745308921	7.23781971700248	9.68241824137692	out
6800000	11.0605625110772	3.72189965018492	8.22427136012038	9.66115294551741	out
6810000	11.944413252543	3.18696105026888	8.84463193678613	9.66218791372171	out
6820000	8.02832670090581	2.86516246596804	7.21140041587773	9.57601931548027	out
6830000	6.4561281519083	4.03999950032343	6.74731195763769	9.81207404849158	out
6840000	6.45612815191043	3.83629656044491	7.44855913759181	9.86641487947963	out
6850000	6.4561281519147	2.30581684512643	6.71470399075531	9.74437183691634	out
6860000	6.45612815191612	2.78003000644205	8.88701215375107	9.70064676999982	out
6870000	6.45612815192251	3.07139887193486	9.14520726143877	10.9174174696676	out
6880000	6.45612815191186	2.01350312105646	8.23524893900753	11.46882266614	out
6890000	6.45612815191399	1.57043654249165	8.29041796889101	11.933619263263	out
6900000	6.45612815190972	2.92288279908774	9.12992833198842	11.9156618598396	out
6910000	6.4561281519083	2.69407853734833	8.49967871657782	11.1242707008131	out
6920000	6.45612815190972	2.49326653623285	6.59033345749265	10.9311672390959	out
6930000	6.45612815191967	3.05738813551386	9.74464615801764	11.2336901832094	out
6940000	6.45612815191043	3.02446302333266	6.59265607359885	11.2222455738532	out
6950000	4.48288864121125	2.48859049995573	5.2597612110219	11.3115667747593	out
6960000	4.23675437397648	2.33806549316355	5.16616547692479	10.9686794637639	out
6970000	16.2972100511098	3.18191146935618	14.4099338551769	11.6902281605377	out
6980000	19.6885337506714	2.48587911815861	15.1466326563906	10.8232904864963	out
6990000	24.2261951577682	2.79562362560455	12.678017191827	10.770732324491	out
7000000	25.6080492371872	1.92244228602689	8.03013466619973	10.7707323244995	out
7010000	11.4848035980032	2.01136404296562	6.06404281972033	10.7707323244796	out
7020000	16.9144361390586	2.16852689668201	7.1657292156047	10.7707323244938	out
7030000	15.370327019744	1.46399285875063	5.57903662132588	10.770732324508	out
7040000	29.1757716939571	1.74660909112063	6.75710611316731	10.7707323245108	out
7050000	24.5731341839921	2.72413018474396	5.9702894127156	10.7707323245165	out
7060000	35.2288798918458	2.2542432440531	8.58059982966353	10.7707323245137	out
7070000	33.4569354234326	3.05604803801174	12.0665595104356	10.770732324545	out
7080000	16.8471071287144	2.54717864346645	12.325743685831	10.6848529864465	out
7090000	13.9749056029615	3.07045782186322	15.9115863499323	9.67350998775487	out
7100000	17.8106872896414	4.3157999098824	11.6567154975229	9.56583712816439	out
7110000	13.5133868562825	4.49468822550045	6.65984895838108	7.11667099726014	out
7120000	11.3547156616384	2.53746422234968	7.42033816870702	9.34246024206971	out
7130000	9.26148919318948	3.92639812270303	6.36651502862975	8.32666214926405	out
7140000	10.1810446520609	7.66729145852878	5.82932987019973	7.93171364758507	out
7150000	11.1377291649418	9.4307493689179	4.03268038542848	8.88225906772391	out
7160000	9.53399309492724	7.17479060317814	9.08511731932293	10.7297056763827	out
7170000	13.2046803081096	9.42319481100782	11.9555310790247	8.66782406835398	out
7180000	12.4113186427124	6.26259980694783	8.51502825696002	10.015956139992	out
7190000	12.1732641952107	8.45211318204875	11.217579639542	11.443097544992	out
7200000	22.3421683045437	9.28374732129669	6.74339391770502	16.6110952912334	out
7210000	9.28757167164136	9.18570206087921	6.32477571742101	16.6110952912192	out
7220000	7.7389222211238	13.1040753786102	15.7368586176673	16.6110952912163	out
7230000	4.45540633670234	6.36385792954428	14.4394263705735	16.6110952911879	out
7240000	2.19177155739274	6.58378530884249	11.0085260038076	16.6110952912021	out
7250000	2.06441317179511	14.7314711326828	14.7776241187373	16.6110952912362	out
7260000	2.76793535378985	12.3121536430105	5.73508720332825	16.6110952911879	out
7270000	1.48630426446346	12.6659891202102	4.95978306651779	16.6110952911737	out
7280000	1.48630426446417	10.0515282597485	4.95978306651352	16.6110952911765	out
7290000	1.48630426446204	2.16872419388423	5.92067040924036	16.6110952911851	out
7300000	1.41332348372387	4.36450612101993	8.36356394758155	16.6110952911708	out
7310000	1.32813266525034	4.36450612101922	8.36356394758297	16.6110952911794	out
7320000	1.39265176108054	4.49933360904282	8.33849884046458	16.6110952911851	out
7330000	1.72052271370902	4.11740188501071	7.55874664675673	16.6110952911708	out
7340000	3.0187746963378	3.33398047653048	5.67020069651818	16.6110952911794	out
7350000	3.31291232985009	9.31873165236112	5.26193941715718	16.6110952911794	out
7360000	4.68733056356996	17.1745542416659	9.24353666914186	16.6110952911794	out
7370000	2.26097261942471	6.67884116845343	4.81975172467628	16.6110952911708	out
7380000	4.53505547435711	4.78049844896304	4.81975172467628	16.6110952911794	out
7390000	4.53505547435711	4.78049844896589	4.81975172467486	16.611095291168	out
7400000	4.53505547435853	4.78049844896518	4.81975172467344	16.6110952911794	out
7410000	4.5350554743564	4.98804358903868	4.54161861251237	16.6110952911708	out
7420000	1.02931935912309	4.42076701795386	3.28045087304787	16.6110952911737	out
7430000	2.75567008903934	3.41224312911734	5.93852849631986	16.6110952911623	out
7440000	5.6289289804063	4.97506038194118	17.1121272527856	15.5827444297728	out
7450000	6.0840673786025	4.36692825118143	12.5801625890745	13.1427955899369	out
7460000	3.68103447783596	6.3480716345822	11.0929341422036	13.1427955899539	out
7470000	4.23074802375538	6.961707084686	8.30078374389416	13.1427955899483	out
7480000	3.63298447996456	5.8386318840256	6.28201834721125	13.1427955899511	out
7490000	5.92124785794965	6.93273377026884	11.1180905251047	13.1427955899454	out
7500000	13.6120957203772	7.43968735290181	16.2870646599131	13.1427955899596	out
7510000	4.24479592190181	6.75390605391897	10.1571192319597	13.1427955899682	out
7520000	1.74718415183008	6.91858699464944	10.8693476314812	13.1427955899596	out
7530000	4.93113116705786	6.89249475091387	17.732396516611	13.1427955899767	out
7540000	3.02221270601564	6.88406566012318	11.9311323889903	13.1427955899284	out
7550000	5.85792197456669	6.32756933498584	9.84429609855511	13.1427955899511	out
7560000	7.75910067876779	7.28179282897798	14.6009892363111	13.1427955899341	out
7570000	11.3652005052614	6.81479919645298	12.2253687078313	15.6249283443486	out
7580000	11.3324121661634	5.96542513368945	16.5638210180873	16.5965496230143	out
7590000	6.22208065149294	6.4843154941272	13.8239659358504	15.0869274923195	out
7600000	3.548045900029	4.80379528683414	11.8367898008358	14.5560892764593	out
7610000	4.07636523570218	6.32383851127258	13.7355892958539	15.6932550054336	out
7620000	3.52548654064861	8.01888206387247	15.0446530564764	16.0066934070755	out
7630000	3.62684146508769	8.68058249072519	8.84295262759167	14.9173851970914	out
7640000	1.52024541345313	5.07165361386868	12.628003988506	14.7314481374735	out
7650000	1.50947737047744	4.48144737804412	14.1368074352968	15.2355261740951	out
7660000	3.68740167300174	3.94633633953916	12.7597232464041	13.2339280780457	out
7670000	6.54593664677918	8.26236768308277	22.9026180495623	16.2061552074846	out
7680000	4.5249725746686	5.60715517563395	25.5610392306892	16.4719890490943	out
7690000	2.91715265550039	7.3959723024835	15.4287281100437	13.283813647999	out
7700000	3.6140062074594	7.71401155438127	14.4079222925825	24.0468871654997	out
7710000	3.71155500712987	7.49552988701723	18.4366020369382	25.5820451100988	out
7720000	3.98925918772548	8.13064357097062	16.517996017275	24.0710707386171	out
7730000	2.8641917265432	6.70647564442177	16.3955841612847	21.2588721453415	out
7740000	1.55013468837879	6.04495794029987	19.0390976306333	24.8659066849399	out
7750000	2.38243428513343	6.515009223682	14.0398250262123	17.318613375906	out
7760000	1.60206813441377	5.11966295914945	12.3616190866457	13.4332064076801	out
7770000	2.19853002232497	4.69442239432425	15.8118576707807	17.7259719830346	out
7780000	2.32725965670184	6.00815518749371	16.8518206462608	14.4115042522827	out
7790000	2.52108357909009	3.83350106645892	9.11650504002637	7.89782658451656	out
7800000	3.18223102819317	5.22257267258581	16.4634408122652	14.6821083497713	out
7810000	2.21293999605905	4.65223272900914	16.7019995494186	16.2650628909773	out
7820000	5.62893209382622	5.60725102430695	12.7231617878778	28.1621699375222	out
7830000	3.43455158083401	6.01972347865924	8.45310720036707	20.8306104168685	out
7840000	4.94883046952879	4.60295750788262	6.20458146143363	10.9255934965574	out
7850000	3.02933499987574	4.7133688777123	5.61812981149359	9.25382075496373	out
7860000	2.21909750920091	4.67061569888685	5.18555847742448	12.0728232982714	out
7870000	2.8268938563393	6.38478780974907	9.83296972277117	16.988523333481	out
7880000	4.05467066997716	7.90708047348332	24.4571022135787	30.2356792641746	out
7890000	4.06282331985324	7.04660206414118	19.502364300871	16.1980038824623	out
7900000	3.94079571762234	7.03960509298156	10.7677568911257	13.204121830691	out
7910000	4.03595496057605	6.76845904250243	11.7584228499382	11.1446111728583	out
7920000	4.62059205048746	5.0762044695027	5.68093039800175	11.2036521185473	out
7930000	5.11363427121836	6.22180362156399	6.95945401763396	11.1669080000695	out
7940000	4.17137882373027	6.88246056491764	16.9534131386143	11.2309017297719	out
7950000	3.43164827033107	6.20147981480912	14.1307637238214	11.3056059756644	out
7960000	2.85586159323827	4.83164471473359	12.5650560245433	11.222253541041	out
7970000	3.70139193286647	5.55912351099224	7.65694481356149	11.2061346966982	out
7980000	1.87865901045825	5.67069262080508	11.7685039095193	11.2715439945305	out
7990000	4.12678522037808	9.11113552650207	13.0796376784801	11.2635671338865	out
8000000	5.78379544186873	9.87928202604706	10.3670799048146	11.2586003328857	out
8010000	6.57180990409145	10.3811131296858	11.6159373765257	11.2931709512111	out
8020000	9.05024196549462	10.6328942179246	13.0797978276874	11.8512395800536	out
8030000	6.59430361485249	10.2828367651952	13.5312907250338	12.408707347339	out
8040000	6.12899977263339	10.601760807905	11.1198043894674	12.4001194804066	out
8050000	13.1157017824108	12.0320780070237	13.6343107165757	12.4934699190334	out
8060000	11.314667018798	12.5334171818665	12.8407314941029	12.4296318313469	out
8070000	15.2235863562581	12.2188895442825	16.9304554056822	12.529737032591	out
8080000	8.10284886579069	9.47698566001165	12.593790209489	12.4304921125656	out
8090000	8.48791489792191	9.77475398477807	18.7091254183812	12.47531258891	out
8100000	12.5566009805944	10.914193159843	12.1098023516808	12.4321306168724	out
8110000	14.5747795853367	12.0571928958263	22.4769597228416	12.5359546874563	out
8120000	26.8372720893836	15.8529203110483	12.9172364563317	12.5409998056512	out
8130000	36.0538401034901	11.7275018323767	10.7599257504077	12.6003411404383	out
8140000	40.0353839236331	5.97204736006631	12.1601996047261	12.5545889833859	out
8150000	37.9523888610677	3.64535577148004	16.0368762886392	15.1015064074869	out
8160000	15.7815762667219	5.43901866900356	18.294439718413	16.1561189129799	out
8170000	6.46273625456999	4.0947982995938	12.8146324545042	16.1561189129998	out
8180000	10.2787184032515	3.20563623662267	14.0051846190616	16.1561189129856	out
8190000	10.7884062587104	8.0372483044691	18.4202634739208	16.1561189129941	out
8200000	18.0931964398411	12.2570771139237	29.9644977641307	16.1561189129856	out
8210000	4.13097990920619	7.75978490895071	19.9976373525786	16.1561189129912	out
8220000	4.03340439357009	13.2074217721161	14.9795774786966	16.1561189129486	out
8230000	5.72500266288571	6.88316587905788	17.987765445325	16.1561189129827	out
8240000	7.62154193908486	6.46739607977835	25.5020130933573	16.1561189129742	out
8250000	10.2875795044817	7.21582680769828	20.3788794647508	16.1561189129941	out
8260000	5.07767892283084	3.37696636033726	14.5205046356352	16.1561189130026	out
8270000	1.24784132605953	1.80090956695125	12.5560576565803	16.1561189129969	out
8280000	1.71070434334126	2.6465897548249	9.90904367679661	12.8666522991011	out
8290000	0.834655557350317	0.997113389245641	10.559956329999	10.7892801324027	out
8300000	0.662893490977723	0.92875205627152	5.30013907217608	7.7068133296649	out
8310000	0.763713407197741	1.42985329161647	8.90635038036152	12.8134918151829	out
8320000	0.633418866510027	1.28184231784871	8.35193281221791	14.3861152851798	out
8330000	1.00768233919979	2.28098453885153	22.0185787219307	13.5081886190079	out
8340000	1.17177594231563	2.82470433827697	13.6929544932485	13.736070668557	out
8350000	0.895681514507629	2.87961187924637	6.50428973639094	12.7411345049012	out
8360000	0.91836403285015	2.12634832853524	8.76256781735236	11.601477904577	out
8370000	1.10397886872278	1.87520777039722	11.1009202100675	10.9531040722686	out
8380000	1.41445724101885	1.48816162024303	8.69971801461844	8.46349418344516	out
8390000	2.70276677582402	1.78861489133126	8.46168973443042	9.36991389145589	out
8400000	4.12257260085269	4.91950344811798	6.66063461459174	11.9340829742328	out
8410000	3.69374818954071	6.09696456221016	9.7531329610689	11.5118433304843	out
8420000	2.90978972486471	3.04547867489191	8.77907493845811	12.5884409750086	out
8430000	3.46014464411084	4.96049675643135	8.90387114067863	12.3896460008268	out
8440000	3.55400334345646	2.40368264049238	4.13677607444356	12.1146889232278	out
8450000	5.19759255176595	2.28681867517082	5.2670437513882	11.6237128771388	out
8460000	6.54791548412632	3.39637280417904	7.99795519295543	11.4577138565039	out
8470000	4.85468692553184	3.10839570914396	6.47054811091436	11.7383316406404	out
8480000	2.7548435154138	1.28333912752581	6.05831183712837	11.8507607240673	out
8490000	2.97666464240223	2.08647147976961	6.74796151762678	11.9685333691507	out
8500000	3.2325409638176	3.09189012672491	4.92569870739885	11.4680068777687	out
8510000	4.14965168387127	6.40227221560039	7.68830462130836	12.4870602000414	out
8520000	3.75293772527669	4.45788027529588	8.14563232317767	12.3507394981601	out
8530000	5.27638702235507	11.9816793722883	7.89057915691984	12.2698969703464	out
8540000	3.80246955843617	11.2544191442687	8.61619793804067	12.9467795059099	out
8550000	3.26464500422858	11.8034041405515	9.31956999492058	13.1428263541238	out
8560000	2.7218905210681	6.53668076230005	7.45212255928749	13.1428263541068	out
8570000	3.68817265412957	4.83131780139274	6.37961399586828	13.1428263541125	out
8580000	4.19962176923221	7.97793078872857	9.959770978233	13.1428263540698	out
8590000	6.44009537993426	4.92498017423628	8.16117169329686	13.1428263540869	out
8600000	7.54055733404542	7.38465443765435	9.50169303422399	13.1428263540869	out
8610000	9.0426217148476	6.03857622118653	7.69517223243099	13.1428263540727	out
8620000	11.1885745059816	7.81082430708722	9.55094890796175	13.1428263541096	out
8630000	11.5856666247701	8.9641749836737	8.35385594851203	13.142826354084	out
8640000	10.7670842292038	6.77061179729677	8.73760219657811	13.1428263540897	out
8650000	14.3255271249849	8.63868609775125	7.17573190264034	13.1428263540812	out
8660000	13.8721462870933	5.36977734933117	9.21451187183635	12.8547609574952	out
8670000	12.8231282110583	2.09332626785326	12.825749592642	9.20709141124973	out
8680000	11.4775284207028	1.83103043430606	12.9730076737687	9.21617776554342	out
8690000	10.6854886168946	1.45927365347447	8.51404338343826	9.1626057822026	out
8700000	11.0729561213269	2.5313317601352	9.45587861370285	9.07760900162486	out
8710000	12.9502873770434	2.58222045804644	10.534526585387	9.13445283109411	out
8720000	11.609568185964	4.35902461004716	7.9315224994545	9.16981954054847	out
8730000	11.8125076828555	6.53901553402534	7.21677002741927	9.16276487848791	out
8740000	10.0545653865531	4.34435759933152	5.45439770891676	9.05686711187172	out
8750000	8.72809805873231	6.58390301769742	4.49729437268616	9.07649572866376	out
8760000	6.9301156878872	6.08596057664457	7.55402175202988	9.1481429355099	out
8770000	6.74841564302326	9.87063028862636	15.5522103042657	9.17054032821056	out
8780000	6.0644429867537	8.21057548389277	13.3528819721406	9.18646122530618	out
8790000	4.60106745034565	7.55143767115811	16.4224694803508	9.1946962678179	out
8800000	3.25296618188773	6.01504834769457	8.5799388172461	8.99265059213405	out
8810000	3.80650058412542	7.56285403723638	10.2229030430905	8.90949701464763	out
8820000	3.71655328785678	9.83911564482511	11.2906418187322	9.15102869347209	out
8830000	5.54264702219527	6.99020370221746	8.86445742429345	8.79478963942688	out
8840000	5.04131987190704	7.63857525973677	11.4671738073099	9.18518807483508	out
8850000	3.98706454458164	7.97606580415575	13.2733875009265	9.17657371209089	out
8860000	4.40925164264954	9.15326009691171	13.6755835328145	9.36676451197513	out
8870000	6.44152304477785	9.18385824226959	13.594375658073	9.00027825216512	out
8880000	6.44893505386221	2.55727887509849	10.5157890594796	9.17659952500856	out
8890000	5.15644596146103	2.79167416408725	10.4015942408793	9.08888394613143	out
8900000	4.14340506525832	2.11691297390288	10.1798643089253	7.64367132287873	out
8910000	4.16937324751956	2.11178610364371	8.45396643590988	8.57340965084461	out
8920000	5.16219115339993	3.63647560479734	10.5433899426345	8.97950690610685	out
8930000	7.14891723028686	5.18902962798435	9.85920351283482	8.97950690615517	out
8940000	6.93583556920814	4.28818582756776	11.5067685406544	8.91860649525995	out
8950000	6.92862172864324	3.24539003137545	8.14466074160833	9.15656072432682	out
8960000	6.5238377205965	2.37871615928498	13.1675164287302	11.1681573009861	out
8970000	6.61129603665103	4.89915683875424	10.9847367533774	11.4358059466554	out
8980000	7.27434317321141	13.0083982301805	15.0491088494761	11.6814992298345	out
8990000	7.37909144061035	3.02221843351802	14.9498475870757	11.239194573173	out
9000000	7.61438647961441	3.02310421355685	15.3871874984048	11.3174995141065	out
9010000	7.78814488637636	3.33356381938898	19.0083437422672	11.0136745180881	out
9020000	7.53593873999208	6.72688213108046	14.1498265760916	10.9900647598749	out
9030000	7.19821470172448	4.59967472800287	11.0432074762883	11.0551193845595	out
9040000	7.54969662268365	1.72359145805032	10.5519720623761	11.1064095812111	out
9050000	7.30113134382151	1.46363786803718	12.380658401176	11.2109867631375	out
9060000	8.05215957756644	1.87194515210933	12.5250814407266	11.2496775747786	out
9070000	8.20362607705292	2.44906172923862	11.9331550375094	10.938283019928	out
9080000	8.61159557505431	2.89613738584933	19.4677316207432	10.579208895615	out
9090000	7.633877038203	2.83396472893358	10.3923768794488	10.9498389101077	out
9100000	6.92680517530988	5.76700165785979	10.4518010531024	10.9564865075299	out
9110000	10.2749449625406	7.53503871328789	15.4826789460529	12.8595098089221	out
9120000	7.14623215192915	5.79449856109591	14.5878477000167	13.1056785710598	out
9130000	1.93406135671808	2.6784852978281	8.84287677767617	8.18502032554136	out
9140000	4.52362562111759	3.11914683703449	7.92151726429182	9.14053796768712	out
9150000	3.61878963005111	6.22909271813583	13.522646420239	6.13485148401196	out
9160000	3.5133235168324	2.56381165845738	10.6813873891227	5.69681509309703	out
9170000	1.50622395035143	2.01607213713402	9.54821477549359	5.13459281967243	out
9180000	0.715313158420372	0.743148531469728	9.4054308697622	2.24569535805301	out
9190000	0.565667252163848	0.365470154692105	9.07099583923383	2.24569535804733	out
9200000	0.565667252163848	0.360081332711104	9.07099583923667	2.24569535804733	out
9210000	0.565667252163848	0.25959938884057	9.07099583924094	2.24569535805017	out
9220000	0.565667252164559	0.25959938883986	4.94783034670974	2.24569535804733	out
9230000	0.565667252164559	0.259599388841281	3.78761534100391	2.24569535805017	out
9240000	0.565667252163848	0.25959938884057	3.78761534099965	2.24569535804733	out
9250000	0.565667252163848	0.381907355282607	3.78761534099965	2.24569535804733	out
9260000	0.565667252163848	0.446000639372812	3.78761534100249	2.24569535805017	out
9270000	0.56566725216598	0.446000639372812	3.78761534100249	2.24569535804733	out
9280000	0.565667252163138	0.446000639372812	3.78761534099965	2.24569535805301	out
9290000	0.565667252164559	0.446000639372102	3.78761534099965	2.24569535805017	out
9300000	0.56566725216598	0.437195082133002	2.37631380328764	1.86995556926206	out
9310000	0.39544481373639	0.200644300043251	1.07631067428855	1.68696987269072	out
9320000	0.38872085047359	0.15719434767334	1.36741862297924	1.68696987269641	out
9330000	0.388720850472879	0.157194347672629	1.38177546829326	1.68696987269357	out
9340000	0.388720850472879	0.15719434767334	1.3819579068695	1.68696987269357	out
9350000	0.472523634760336	0.310487116900049	1.78620880055007	1.73656591281315	out
9360000	1.12686864888758	1.01346369948345	3.42047860634835	2.08226547686365	out
9370000	0.538163437946082	0.651660647254459	3.94132255479605	2.00921235068563	out
9380000	0.73392583562466	0.392023880741732	5.53621063968137	3.17496690803409	out
9390000	4.81292076540711	0.854947857067145	7.85046126756157	6.3028174284625	out
9400000	2.22136292896735	0.498693874631328	2.74636229530074	2.4856546955391	out
9410000	0.833638154885108	0.106186210931725	0.922677620081913	0.731425657065188	out
9420000	0.867760172047838	0.0967869718927261	0.769874449518682	0.776606258520474	out
9430000	0.973729163870729	0.287929363850736	1.12354512610437	1.53834672730113	out
9440000	1.7426851048846	0.217449860993213	1.81249950383489	2.13483040714664	out
9450000	1.45908323044139	0.605088013595889	1.6988907248475	1.19328729308563	out
9460000	1.43828200865244	0.282953555449694	1.4696603760143	1.165367703382	out
9470000	0.682571191532588	0.230434742969265	0.877130329924114	1.05890841162477	out
9480000	1.37736611840822	0.403758890145411	1.65632143632308	2.1505901863236	out
9490000	1.81284822877004	0.393635792868707	3.86082707281616	2.14472824631002	out
9500000	1.0934197494862	0.150567169987426	1.0229201040417	1.08339354918883	out
9510000	0.693921326927693	0.111311687381743	1.81252994997294	1.08045605328186	out
9520000	0.556964756226108	0.117384446112823	0.860693429190462	1.36391669547891	out
9530000	0.790080667278659	0.203692154704527	1.91467455072427	2.38413236218094	out
9540000	0.613425881324048	0.424820471891252	1.63143960457148	0.84320079995166	out
9550000	0.268802849407024	0.10158188207825	1.08783789539189	0.795318433199554	out
9560000	0.432911063388985	0.332483308209675	1.66825137333433	0.785607895778639	out
9570000	0.486622308245188	0.46725170751003	1.37017766546705	0.791413080213488	out
9580000	0.427665875002248	0.177225042641282	1.00194006254384	0.877477811877725	out
9590000	0.0944075884575568	0.0957150609735891	0.70681511356554	1.01177665662817	out
9600000	0.0439691689372523	0.0356428417525478	0.311467829588707	0.307031713640527	out
9610000	0.0606223277344498	0.0547574138259677	0.325874193723052	0.354473089925023	out
9620000	0.0779340499036607	0.0829637843388298	0.28890448699741	0.439100518320856	out
9630000	0.128903711019746	0.0871228132020008	0.531932888068809	0.439100518300961	out
9640000	0.664620794886872	0.176747925939935	1.71070386942489	1.16795530474008	out
9650000	0.522166085777798	0.209854690011468	1.56355705278628	1.48986524758357	out
9660000	0.365151449467049	0.217682652912998	1.31163950958211	1.20860374252061	out
9670000	0.205442302596737	0.0628844674409379	1.21867073744397	0.48448872118172	out
9680000	0.197705222499422	0.0628844674395168	1.12223432649898	0.733795580208607	out
9690000	0.14711849633855	0.149001643222846	0.625227925706895	0.927576953904463	out
9700000	0.0671187895214587	0.0777847985482083	0.425945221532231	0.717566477828768	out
9710000	0.161300894536254	0.0793465226294643	0.515746651008442	0.490299462768462	out
9720000	0.114246439748911	0.0974935591038673	0.605334782365219	0.490299462768462	out
9730000	0.0759984437046057	0.0667954279137462	0.577995329807379	0.499785831618738	out
9740000	0.131263062424836	0.0872866976827424	0.485118774624027	0.501659023103684	out
9750000	0.114474660729513	0.0631618335248163	0.263345034318263	0.501659023120737	out
9760000	0.0338071675152207	0.0799268995656632	0.258640566772783	0.50165902312358	out
9770000	0.0338071675159313	0.0576400675441846	0.258929830317811	0.192575675356466	out
9780000	0.0569085402460701	0.0406971009141444	0.175919397229052	0.2685414063194	out
9790000	0.0751289414125722	0.0161974955958044	0.122478186955277	0.20403127276154	out
9800000	0.0751289414104406	0.0161974955958044	0.21552115073149	0.178194939192622	out
9810000	0.154185919297589	0.113658676799133	0.276632446507108	0.174725446623825	out
9820000	0.18439406362134	0.0984580135231283	0.348475181364449	0.177974928641333	out
9830000	0.0638889420748967	0.0803349376461426	0.321898268512655	0.177974928641333	out
9840000	0.0610886679460521	0.080334937644011	0.162820103150807	0.177974928644176	out
9850000	0.0610886679460521	0.0517973548504358	0.124271244585827	0.121334867390033	out
9860000	0.0610886679460521	0.0436553300367848	0.142622265269665	0.0896356638918405	out
9870000	0.0603365095010133	0.0191718890199866	0.155059065984631	0.0486723074629936	out
9880000	0.0295045693249563	0.01633383474271	0.0421113089885239	0.0244232253095333	out
9890000	0.0130557681579546	0.0152235239383458	0.0187161752791098	0.0244232253123755	out
9900000	0.0128639427423138	0.0152235239376353	0.0187161752776888	0.0244232253152177	out
9910000	0.0136979898023526	0.0152235239390563	0.0663220840721124	0.0244232253152177	out
9920000	0.0935503804498694	0.239684626018288	2.85124525223068	0.32749713641067	out
9930000	0.0832432777990277	0.232235191116104	0.236008158752554	0.0749320847631907	out
9940000	0.13818674342545	0.240324609486464	1.21143576042329	0.335913279229771	out
9950000	0.245661318233914	0.611500026538181	2.04983408844441	0.46970406523883	out
9960000	0.173683544743852	0.219367957656402	1.13248938734642	0.561629780639805	out
9970000	0.0383957295767345	0.0218880961291745	0.0774177105896001	0.0362121370073964	out
9980000	0.0125422003968367	0.00732726296988062	0.0208669970106712	0.0341004631508213	out
9990000	0.0125422003968367	0.00732726296988062	0.0208669970106712	0.0341004631479791	out
10000000	0.0125422003968367	0.00732726296988062	0.0215590390268972	0.0404599356926383	out
10010000	0.0407292921480007	0.13137359522517	0.104779259325483	0.0730605912053761	out
10020000	0.0573417102160079	0.134621434000337	0.227631860106214	0.0735415932211936	out
10030000	0.0882137971835562	0.117489585019825	0.400135803022295	0.0739479670500032	out
10040000	0.0823644499632792	0.134298644175601	0.286183128805817	0.0730859872675182	out
3120000	3.20327829406857	0.786198127648419	20.1753149929452	21.300426098064	in
3130000	1.95296578360136	1.29931744892637	22.4385525926387	22.7747350795809	in
3140000	1.70942663537303	0.79085018403795	27.0200264707277	25.2622565718966	in
3150000	1.02269257227583	1.2537272779884	21.0079335966313	26.4074066410799	in
3160000	0.954715291782193	2.16532950218564	20.9982769100833	26.4074066410828	in
3170000	1.24728200850086	2.23610305800364	22.7032434211814	26.4074066410842	in
3180000	0.981076593785346	2.56860217521719	23.7980817317563	26.4074066410814	in
3190000	1.10968915290961	5.56215700035132	19.9903336985948	26.4074066410814	in
3200000	2.44611552770699	6.58416233887849	25.3165788384614	26.4074066410799	in
3210000	3.60897213250873	1.86888903135696	15.4126232825298	26.4074066410927	in
3220000	2.34559505708631	2.21563148025901	21.242664211919	26.4074066410828	in
3230000	3.52387709636481	3.0398742748055	31.8642521170737	26.4074066410814	in
3240000	3.2258353136644	2.81539622283269	28.628350889521	26.4074066410743	in
3250000	2.44145846827983	2.5939443499766	30.2823536547997	25.1444453821307	in
3260000	1.75823934623871	2.34215839825254	23.5512128634582	19.2558706333656	in
3270000	3.43601861991587	6.23832553397321	27.5091784451362	19.2558706333713	in
3280000	2.17456406448733	2.8513473590035	13.5845458711323	19.25587063336	in
3290000	4.1872705236468	4.07857523745925	18.7858714820251	19.2558706333728	in
3300000	3.29840326623376	7.35404906389405	43.08372153112	19.2558706333784	in
3310000	2.15468180253708	2.95666175820912	31.0077840563515	19.2558706333486	in
3320000	2.43375258876455	2.79417795355705	26.0938837193137	19.2558706333443	in
3330000	3.27066564765381	2.91380089583555	21.1173208563501	19.2558706333585	in
